-- phpMyAdmin SQL Dump
-- version 4.9.0.1
-- https://www.phpmyadmin.net/
--
-- 主机： localhost
-- 生成日期： 2019-11-07 18:45:13
-- 服务器版本： 5.7.26-log
-- PHP 版本： 7.3.5

SET SQL_MODE = "NO_AUTO_VALUE_ON_ZERO";
SET AUTOCOMMIT = 0;
START TRANSACTION;
SET time_zone = "+00:00";


/*!40101 SET @OLD_CHARACTER_SET_CLIENT=@@CHARACTER_SET_CLIENT */;
/*!40101 SET @OLD_CHARACTER_SET_RESULTS=@@CHARACTER_SET_RESULTS */;
/*!40101 SET @OLD_COLLATION_CONNECTION=@@COLLATION_CONNECTION */;
/*!40101 SET NAMES utf8mb4 */;

--
-- 数据库： `studentmanage`
--

-- --------------------------------------------------------

--
-- 表的结构 `course`
--

CREATE TABLE `course` (
  `Cno` varchar(200) NOT NULL COMMENT '课程号',
  `Cname` varchar(100) NOT NULL COMMENT '课程名',
  `teacher` varchar(20) NOT NULL COMMENT '任课老师id',
  `credit` float NOT NULL COMMENT '学分',
  `CreateTime` datetime NOT NULL DEFAULT CURRENT_TIMESTAMP COMMENT '创建时间',
  `CreateBy` int(11) NOT NULL DEFAULT '0' COMMENT '创建人'
) ENGINE=InnoDB DEFAULT CHARSET=utf8 COMMENT='课程列表';

--
-- 转存表中的数据 `course`
--

INSERT INTO `course` (`Cno`, `Cname`, `teacher`, `credit`, `CreateTime`, `CreateBy`) VALUES
('(2018-2019-2)-A010307s-41797-1', '工程图学', 'Al-furjan', 3, '2019-11-07 09:12:13', 1),
('(2018-2019-2)-A0502380-06042-1', '面向对象程序设计（C++）', '李卫明', 3, '2019-11-07 09:13:47', 1),
('(2018-2019-2)-A0507041-06068-2', '离散数学1', '周丽', 2, '2019-11-07 09:12:52', 1),
('(2018-2019-2)-A1804110-40482-1', '信号与电路系统基础', '何志伟', 6, '2019-11-07 09:13:24', 1),
('(2018-2019-2)-A1807012-40680-1', '高等数学A2', '王阳', 5, '2019-11-07 09:11:08', 1),
('(2019-2020-1)-A0507050-23003-1', '操作系统（甲）', '任彧', 4, '2019-11-07 09:14:22', 1),
('(2019-2020-1)-A1805010-42167-1', '数据结构（甲）', '林文敏', 4, '2019-11-07 08:47:21', 1);

-- --------------------------------------------------------

--
-- 表的结构 `login`
--

CREATE TABLE `login` (
  `Uid` int(11) NOT NULL COMMENT '用户id',
  `UserName` varchar(20) NOT NULL COMMENT '用户名',
  `Password` varchar(50) NOT NULL COMMENT '密码md5',
  `Auth` tinyint(4) NOT NULL DEFAULT '1' COMMENT '登陆权限 0管理 1用户',
  `Enable` tinyint(4) NOT NULL DEFAULT '1' COMMENT '允许使用',
  `CreateTime` datetime NOT NULL DEFAULT CURRENT_TIMESTAMP COMMENT '创建时间',
  `CreateBy` int(11) NOT NULL COMMENT '创建人UID'
) ENGINE=InnoDB DEFAULT CHARSET=utf8 COMMENT='用户登录表';

--
-- 转存表中的数据 `login`
--

INSERT INTO `login` (`Uid`, `UserName`, `Password`, `Auth`, `Enable`, `CreateTime`, `CreateBy`) VALUES
(1, 'admin', '21232f297a57a5a743894a0e4a801fc3', 0, 1, '2019-10-27 09:31:21', 0),
(2, 'user', 'ee11cbb19052e40b07aac0ca060c23ee', 1, 1, '2019-10-31 19:27:34', 0);

-- --------------------------------------------------------

--
-- 表的结构 `score`
--

CREATE TABLE `score` (
  `Sno` int(11) NOT NULL COMMENT '学号',
  `Cno` varchar(200) NOT NULL COMMENT '课程号',
  `Score` int(11) DEFAULT NULL COMMENT '得分'
) ENGINE=InnoDB DEFAULT CHARSET=utf8 COMMENT='分数表';

--
-- 转存表中的数据 `score`
--

INSERT INTO `score` (`Sno`, `Cno`, `Score`) VALUES
(18041513, '(2018-2019-2)-A010307s-41797-1', 40),
(18041513, '(2018-2019-2)-A0502380-06042-1', 86),
(18041513, '(2018-2019-2)-A0507041-06068-2', 99),
(18041513, '(2018-2019-2)-A1804110-40482-1', 92),
(18041513, '(2018-2019-2)-A1807012-40680-1', 76),
(18041513, '(2019-2020-1)-A0507050-23003-1', 67),
(18041513, '(2019-2020-1)-A1805010-42167-1', 88),
(18051701, '(2018-2019-2)-A010307s-41797-1', 75),
(18051701, '(2018-2019-2)-A0502380-06042-1', 30),
(18051701, '(2018-2019-2)-A0507041-06068-2', 68),
(18051701, '(2018-2019-2)-A1804110-40482-1', 99),
(18051701, '(2018-2019-2)-A1807012-40680-1', 100),
(18051701, '(2019-2020-1)-A0507050-23003-1', 92),
(18051701, '(2019-2020-1)-A1805010-42167-1', 100),
(18052214, '(2018-2019-2)-A010307s-41797-1', 95),
(18052214, '(2018-2019-2)-A0502380-06042-1', 84),
(18052214, '(2018-2019-2)-A0507041-06068-2', 77),
(18052214, '(2018-2019-2)-A1804110-40482-1', 91),
(18052214, '(2018-2019-2)-A1807012-40680-1', 81),
(18052214, '(2019-2020-1)-A0507050-23003-1', 87),
(18052214, '(2019-2020-1)-A1805010-42167-1', 99),
(18061615, '(2018-2019-2)-A010307s-41797-1', 85),
(18061615, '(2018-2019-2)-A0502380-06042-1', 96),
(18061615, '(2018-2019-2)-A0507041-06068-2', 54),
(18061615, '(2018-2019-2)-A1804110-40482-1', 100),
(18061615, '(2018-2019-2)-A1807012-40680-1', 79),
(18061615, '(2019-2020-1)-A0507050-23003-1', 93),
(18061615, '(2019-2020-1)-A1805010-42167-1', 87),
(18062003, '(2018-2019-2)-A010307s-41797-1', 92),
(18062003, '(2018-2019-2)-A0502380-06042-1', 95),
(18062003, '(2018-2019-2)-A0507041-06068-2', 91),
(18062003, '(2018-2019-2)-A1804110-40482-1', 90),
(18062003, '(2018-2019-2)-A1807012-40680-1', 89),
(18062003, '(2019-2020-1)-A0507050-23003-1', 90),
(18062003, '(2019-2020-1)-A1805010-42167-1', 99),
(18184201, '(2018-2019-2)-A010307s-41797-1', 88),
(18184201, '(2018-2019-2)-A0502380-06042-1', 94),
(18184201, '(2018-2019-2)-A0507041-06068-2', 89),
(18184201, '(2018-2019-2)-A1804110-40482-1', 92),
(18184201, '(2018-2019-2)-A1807012-40680-1', 73),
(18184201, '(2019-2020-1)-A0507050-23003-1', 97),
(18184201, '(2019-2020-1)-A1805010-42167-1', 88);

-- --------------------------------------------------------

--
-- 表的结构 `student`
--

CREATE TABLE `student` (
  `Sno` int(11) NOT NULL COMMENT '学号',
  `Ssex` tinyint(1) NOT NULL COMMENT '性别0男1女',
  `Clno` int(11) NOT NULL COMMENT '班级ID',
  `Sname` varchar(20) NOT NULL COMMENT '姓名',
  `Sage` int(11) DEFAULT NULL COMMENT '年龄',
  `CreateTime` datetime NOT NULL DEFAULT CURRENT_TIMESTAMP COMMENT '增加时间',
  `CreateBy` int(11) NOT NULL COMMENT '增加人'
) ENGINE=InnoDB DEFAULT CHARSET=utf8 COMMENT='学生表';

--
-- 转存表中的数据 `student`
--

INSERT INTO `student` (`Sno`, `Ssex`, `Clno`, `Sname`, `Sage`, `CreateTime`, `CreateBy`) VALUES
(18011406, 1, 18184411, 'a', 19, '2019-11-06 21:00:22', 0),
(18011619, 0, 18184112, 'q', 20, '2019-11-06 21:00:22', 0),
(18041513, 0, 18184411, 'w', 19, '2019-11-06 21:00:22', 0),
(18041606, 1, 18184111, 'e', 20, '2019-11-06 21:00:22', 0),
(18042003, 1, 18184112, 'r', 20, '2019-11-06 21:00:22', 0),
(18051133, 0, 18184111, 't', 19, '2019-11-06 21:00:22', 0),
(18051601, 1, 18184112, 'y', 20, '2019-11-06 21:00:22', 0),
(18051614, 0, 18184111, 'u', 19, '2019-11-06 21:00:22', 0),
(18051626, 0, 18184111, 'i', 19, '2019-11-06 21:00:22', 0),
(18051633, 0, 18184112, 'o', 19, '2019-11-06 21:00:22', 0),
(18051701, 1, 18184111, 'p', 19, '2019-11-06 21:00:22', 0),
(18051716, 1, 18184112, '[', 19, '2019-11-06 21:00:22', 0),
(18052109, 0, 18184111, 'a', 20, '2019-11-06 21:00:22', 0),
(18052213, 0, 18184111, 's', 19, '2019-11-06 21:00:22', 0),
(18052214, 0, 18184111, 'd', 20, '2019-11-06 21:00:22', 0),
(18052234, 0, 18184111, 'f', 20, '2019-11-06 21:00:22', 0),
(18061615, 0, 18184111, 'g', 19, '2019-11-06 21:00:22', 0),
(18061732, 1, 18184112, 'h', 19, '2019-11-06 21:00:22', 0),
(18061736, 0, 18184112, 'j', 19, '2019-11-06 21:00:22', 0),
(18062003, 1, 18184111, ' k', 19, '2019-11-06 21:00:22', 0),
(18062006, 1, 18184111, 'l', 19, '2019-11-06 21:00:22', 0),
(18081603, 1, 18184112, ';', 19, '2019-11-06 21:00:22', 0),
(18151625, 0, 18184111, 'z', 20, '2019-11-06 21:00:22', 0),
(18184101, 1, 18184111, 'x', 19, '2019-11-06 21:00:22', 0),
(18184102, 1, 18184111, 'c', 19, '2019-11-06 21:00:22', 0),
(18184104, 0, 18184111, 'v', 20, '2019-11-06 21:00:22', 0),
(18184105, 0, 18184111, 'b', 19, '2019-11-06 21:00:22', 0),
(18184201, 1, 18184112, 'n', 19, '2019-11-06 21:00:22', 0),
(18184202, 0, 18184112, 'm', 19, '2019-11-06 21:00:22', 0),
(18184205, 0, 18184112, ',', 19, '2019-11-06 21:00:22', 0),
(18184208, 1, 18184112, 'qw', 19, '2019-11-06 21:00:22', 0),
(18184210, 1, 18184112, 'as', 19, '2019-11-06 21:00:22', 0),
(18184211, 0, 18184112, 'sd', 19, '2019-11-06 21:00:22', 0),
(18184212, 0, 18184112, 'df', 19, '2019-11-06 21:00:22', 0),
(18190108, 1, 18184111, 'fg', 19, '2019-11-06 21:00:22', 0),
(18271111, 1, 18184111, 'gh', 20, '2019-11-06 21:00:22', 0),
(18271142, 0, 18184111, 'hj', 19, '2019-11-06 21:00:22', 0),
(18271308, 1, 18184111, 'jk', 20, '2019-11-06 21:00:22', 0),
(18271317, 0, 18184111, 'kl', 20, '2019-11-06 21:00:22', 0);

--
-- 转储表的索引
--

--
-- 表的索引 `course`
--
ALTER TABLE `course`
  ADD PRIMARY KEY (`Cno`);

--
-- 表的索引 `login`
--
ALTER TABLE `login`
  ADD PRIMARY KEY (`Uid`);

--
-- 表的索引 `score`
--
ALTER TABLE `score`
  ADD PRIMARY KEY (`Sno`,`Cno`),
  ADD KEY `Cno` (`Cno`);

--
-- 表的索引 `student`
--
ALTER TABLE `student`
  ADD PRIMARY KEY (`Sno`);

--
-- 在导出的表使用AUTO_INCREMENT
--

--
-- 使用表AUTO_INCREMENT `login`
--
ALTER TABLE `login`
  MODIFY `Uid` int(11) NOT NULL AUTO_INCREMENT COMMENT '用户id', AUTO_INCREMENT=3;

--
-- 限制导出的表
--

--
-- 限制表 `score`
--
ALTER TABLE `score`
  ADD CONSTRAINT `Sno_F` FOREIGN KEY (`Sno`) REFERENCES `student` (`Sno`),
  ADD CONSTRAINT `score_ibfk_1` FOREIGN KEY (`Cno`) REFERENCES `course` (`Cno`);
COMMIT;

/*!40101 SET CHARACTER_SET_CLIENT=@OLD_CHARACTER_SET_CLIENT */;
/*!40101 SET CHARACTER_SET_RESULTS=@OLD_CHARACTER_SET_RESULTS */;
/*!40101 SET COLLATION_CONNECTION=@OLD_COLLATION_CONNECTION */;
